adjustments_to_unobligated_cpe,agency_identifier,allocation_transfer_agency,availability_type_code,beginning_period_of_availa,borrowing_authority_amount_cpe,budget_authority_appropria_cpe,budget_authority_available_cpe,budget_authority_unobligat_fyb,contract_authority_amount_cpe,deobligations_recoveries_r_cpe,ending_period_of_availabil,gross_outlay_amount_by_tas_cpe,main_account_code,obligations_incurred_total_cpe,other_budgetary_resources_cpe,spending_authority_from_of_cpe,status_of_budgetary_resour_cpe,sub_account_code,unobligated_balance_cpe,tas,tas_with_sub,fiscal_year,period
4006,69,X,X,0,0,0,21853,5695,0,443,0,-5068,102,918,12151,12151,21853,0,20935,069-0000-0000-X-0102,069-0000-0000-X-0102-000,2017,9
776,69,, ,2012,0,0,6609,5833,0,776,2012,-57,102,0,0,0,6609,0,6609,069-2012-2012- -0102,069-2012-2012- -0102-000,2017,9
53,69,, ,2013,0,0,2530,2484,0,53,2013,0,102,0,-7,-7,2530,0,2530,069-2013-2013- -0102,069-2013-2013- -0102-000,2017,9
4,69,, ,2013,0,0,296,292,0,4,2014,0,102,0,0,0,296,0,296,069-2013-2014- -0102,069-2013-2014- -0102-000,2017,9
74,69,, ,2014,0,0,3384,3310,0,74,2014,-557,102,0,0,0,3384,0,3384,069-2014-2014- -0102,069-2014-2014- -0102-000,2017,9
0,69,, ,2014,0,0,43,43,0,0,2015,-262,102,0,0,0,43,0,43,069-2014-2015- -0102,069-2014-2015- -0102-000,2017,9
122,69,, ,2015,0,0,1849,1753,0,122,2015,-440,102,17,-26,-26,1849,0,1831,069-2015-2015- -0102,069-2015-2015- -0102-000,2017,9
0,69,, ,2015,0,0,165,165,0,0,2016,-791,102,52,0,0,165,0,113,069-2015-2016- -0102,069-2015-2016- -0102-000,2017,9
227,69,, ,2016,0,0,3779,3423,0,227,2016,-9047,102,362,130,130,3779,0,3418,069-2016-2016- -0102,069-2016-2016- -0102-000,2017,9
0,69,, ,2017,0,114000,123800,0,0,0,2017,-70255,102,77441,9800,9800,123800,0,46359,069-2017-2017- -0102,069-2017-2017- -0102-000,2017,9
47,69,X,X,0,0,0,242,195,0,0,0,-40,104,45,0,0,242,0,197,069-0000-0000-X-0104,069-0000-0000-X-0104-000,2017,9
0,69,X,X,0,0,0,0,0,0,0,0,0,105,0,0,0,0,0,0,069-0000-0000-X-0105,069-0000-0000-X-0105-000,2017,9
0,69,X,X,0,0,0,2034,2034,0,0,0,0,116,0,0,0,2034,0,2034,069-0000-0000-X-0116,069-0000-0000-X-0116-000,2017,9
0,69,, ,2012,0,0,0,0,0,0,2013,0,116,0,0,0,0,0,0,069-2012-2013- -0116,069-2012-2013- -0116-000,2017,9
0,69,, ,2013,0,0,0,0,0,0,2014,0,116,0,0,0,0,0,0,069-2013-2014- -0116,069-2013-2014- -0116-000,2017,9
32,69,, ,2014,0,0,32,0,0,32,2015,0,116,0,0,0,32,0,32,069-2014-2015- -0116,069-2014-2015- -0116-000,2017,9
0,69,, ,2015,0,0,0,0,0,0,2016,0,116,0,0,0,0,0,0,069-2015-2016- -0116,069-2015-2016- -0116-000,2017,9
0,69,, ,2016,0,0,0,0,0,0,2017,0,116,0,0,0,0,0,0,069-2016-2017- -0116,069-2016-2017- -0116-000,2017,9
0,69,, ,2017,0,4000,4000,0,0,0,2018,-2217,116,2217,0,0,4000,0,1783,069-2017-2018- -0116,069-2017-2018- -0116-000,2017,9
0,69,X,X,0,0,0,0,0,0,0,0,0,117,0,0,0,0,0,0,069-0000-0000-X-0117,069-0000-0000-X-0117-000,2017,9
0,69,, ,2012,0,0,969,969,0,0,2012,0,118,0,0,0,969,0,969,069-2012-2012- -0118,069-2012-2012- -0118-000,2017,9
0,69,, ,2013,0,0,592,592,0,0,2013,0,118,0,0,0,592,0,592,069-2013-2013- -0118,069-2013-2013- -0118-000,2017,9
0,69,, ,2014,0,0,1255,1255,0,0,2014,0,118,0,0,0,1255,0,1255,069-2014-2014- -0118,069-2014-2014- -0118-000,2017,9
0,69,, ,2015,0,0,1080,1080,0,0,2015,-26,118,0,0,0,1080,0,1080,069-2015-2015- -0118,069-2015-2015- -0118-000,2017,9
15,69,, ,2016,0,0,194,179,0,15,2016,-1271,118,8,0,0,194,0,186,069-2016-2016- -0118,069-2016-2016- -0118-000,2017,9
0,69,, ,2017,0,9751,9751,0,0,0,2017,-5332,118,5964,0,0,9751,0,3787,069-2017-2017- -0118,069-2017-2017- -0118-000,2017,9
552,69,X,X,0,0,0,5370,4818,0,76,0,-473,119,508,0,0,5370,0,4862,069-0000-0000-X-0119,069-0000-0000-X-0119-000,2017,9
0,69,, ,2011,0,0,173,173,0,0,2012,0,119,0,0,0,173,0,173,069-2011-2012- -0119,069-2011-2012- -0119-000,2017,9
0,69,, ,2012,0,0,81,81,0,0,2013,0,119,0,0,0,81,0,81,069-2012-2013- -0119,069-2012-2013- -0119-000,2017,9
0,69,, ,2013,0,0,169,169,0,0,2014,0,119,0,0,0,169,0,169,069-2013-2014- -0119,069-2013-2014- -0119-000,2017,9
26,69,, ,2014,0,0,121,95,0,26,2015,0,119,0,0,0,121,0,121,069-2014-2015- -0119,069-2014-2015- -0119-000,2017,9
16,69,, ,2015,0,0,77,61,0,16,2016,-492,119,0,0,0,77,0,77,069-2015-2016- -0119,069-2015-2016- -0119-000,2017,9
392,69,, ,2016,0,0,2284,1892,0,19,2017,-1067,119,1444,0,0,2284,0,841,069-2016-2017- -0119,069-2016-2017- -0119-000,2017,9
0,69,, ,2017,0,3513,3513,0,0,0,2018,-1295,119,1295,0,0,3513,0,2218,069-2017-2018- -0119,069-2017-2018- -0119-000,2017,9
0,69,X,X,0,0,0,0,0,0,0,0,0,120,0,0,0,0,0,0,069-0000-0000-X-0120,069-0000-0000-X-0120-000,2017,9
0,69,X,X,0,0,0,0,0,0,0,0,0,121,0,0,0,0,0,0,069-0000-0000-X-0121,069-0000-0000-X-0121-000,2017,9
0,69,X,X,0,0,0,154,154,0,0,0,0,122,0,0,0,154,0,154,069-0000-0000-X-0122,069-0000-0000-X-0122-000,2017,9
0,69,X,X,0,0,0,0,0,0,0,0,0,123,0,0,0,0,5,0,069-0000-0000-X-0123,069-0000-0000-X-0123-005,2017,9
0,69,X,X,0,0,0,20163,20163,0,0,0,0,123,0,0,0,20163,0,20163,069-0000-0000-X-0123,069-0000-0000-X-0123-000,2017,9
0,69,X,X,0,0,0,0,0,0,0,0,0,124,0,0,0,0,0,0,069-0000-0000-X-0124,069-0000-0000-X-0124-000,2017,9
3000,69,X,X,0,0,0,26718,23718,0,0,0,-205504,125,6423,0,0,26718,0,20295,069-0000-0000-X-0125,069-0000-0000-X-0125-000,2017,9
0,69,, ,2012,0,0,0,0,0,0,2012,0,125,0,0,0,0,0,0,069-2012-2012- -0125,069-2012-2012- -0125-000,2017,9
0,69,, ,2013,0,0,0,0,0,0,2013,0,125,0,0,0,0,0,0,069-2013-2013- -0125,069-2013-2013- -0125-000,2017,9
0,69,X,X,0,0,0,5747,5647,0,0,0,-87,130,24,100,100,5747,0,5723,069-0000-0000-X-0130,069-0000-0000-X-0130-000,2017,9
4,69,, ,2012,0,0,381,377,0,4,2012,119,130,0,0,0,381,0,381,069-2012-2012- -0130,069-2012-2012- -0130-000,2017,9
1,69,, ,2013,0,0,377,376,0,1,2013,0,130,0,0,0,377,0,377,069-2013-2013- -0130,069-2013-2013- -0130-000,2017,9
26,69,, ,2014,0,0,2948,2922,0,26,2014,0,130,0,0,0,2948,0,2948,069-2014-2014- -0130,069-2014-2014- -0130-000,2017,9
106,69,, ,2015,0,0,630,524,0,106,2015,-251,130,1,0,0,630,0,629,069-2015-2015- -0130,069-2015-2015- -0130-000,2017,9
219,69,, ,2016,0,0,1329,1110,0,219,2016,-6382,130,204,0,0,1329,0,1125,069-2016-2016- -0130,069-2016-2016- -0130-000,2017,9
0,69,, ,2017,0,90152,90652,0,0,0,2017,-56750,130,62095,500,500,90652,0,28557,069-2017-2017- -0130,069-2017-2017- -0130-000,2017,9
0,69,, ,2009,0,0,0,0,0,0,2013,0,131,0,0,0,0,0,0,069-2009-2013- -0131,069-2009-2013- -0131-000,2017,9
2750,69,X,X,0,0,13260,21271,5262,0,88,0,-7031,142,4637,0,0,21271,0,16635,069-0000-0000-X-0142,069-0000-0000-X-0142-000,2017,9
19,69,, ,2007,0,0,248,229,0,19,2012,0,142,0,0,0,248,0,248,069-2007-2012- -0142,069-2007-2012- -0142-000,2017,9
27,69,, ,2010,0,0,149,122,0,27,2015,0,142,0,0,0,149,0,149,069-2010-2015- -0142,069-2010-2015- -0142-000,2017,9
0,69,, ,2011,0,0,0,0,0,0,2012,0,142,0,0,0,0,0,0,069-2011-2012- -0142,069-2011-2012- -0142-000,2017,9
2,69,, ,2011,0,0,3,2,0,2,2016,-6,142,0,0,0,3,0,3,069-2011-2016- -0142,069-2011-2016- -0142-000,2017,9
0,69,, ,2012,0,0,0,0,0,0,2013,0,142,0,0,0,0,0,0,069-2012-2013- -0142,069-2012-2013- -0142-000,2017,9
0,69,, ,2012,0,0,117,117,0,0,2017,-9,142,9,0,0,117,0,108,069-2012-2017- -0142,069-2012-2017- -0142-000,2017,9
237,69,, ,2013,0,0,237,0,0,237,2014,0,142,0,0,0,237,0,237,069-2013-2014- -0142,069-2013-2014- -0142-000,2017,9
0,69,, ,2013,0,0,0,0,0,0,2018,0,142,0,0,0,0,0,0,069-2013-2018- -0142,069-2013-2018- -0142-000,2017,9
0,69,, ,2014,0,0,0,0,0,0,2015,-135,142,0,0,0,0,0,0,069-2014-2015- -0142,069-2014-2015- -0142-000,2017,9
0,69,, ,2015,0,0,0,0,0,0,2016,-91,142,0,0,0,0,0,0,069-2015-2016- -0142,069-2015-2016- -0142-000,2017,9
165,69,, ,2010,0,0,1386,1222,0,165,2012,-2052,143,0,0,0,1386,5,1386,069-2010-2012- -0143,069-2010-2012- -0143-005,2017,9
0,69,, ,2011,0,0,1503,1503,0,0,2013,-11472,143,0,0,0,1503,5,1503,069-2011-2013- -0143,069-2011-2013- -0143-005,2017,9
0,69,, ,2012,0,0,485,485,0,0,2013,-12673,143,0,0,0,485,5,485,069-2012-2013- -0143,069-2012-2013- -0143-005,2017,9
0,69,, ,2013,0,0,490,490,0,0,2014,-27919,143,0,0,0,490,5,490,069-2013-2014- -0143,069-2013-2014- -0143-005,2017,9
128,69,, ,2014,0,0,161,33,0,128,2016,-38988,143,1,0,0,161,5,160,069-2014-2016- -0143,069-2014-2016- -0143-005,2017,9
5539,69,, ,2015,0,0,201528,195989,0,0,2017,-5733,143,108886,0,0,201528,5,92642,069-2015-2017- -0143,069-2015-2017- -0143-005,2017,9
239828,69,, ,2016,0,0,239828,0,0,0,2019,0,143,23500,0,0,239828,5,216328,069-2016-2019- -0143,069-2016-2019- -0143-005,2017,9
90,69,, ,2010,0,0,114,24,0,90,2012,-934,143,0,0,0,114,7,114,069-2010-2012- -0143,069-2010-2012- -0143-007,2017,9
0,69,, ,2011,0,0,2424,2424,0,0,2013,-5227,143,0,0,0,2424,7,2424,069-2011-2013- -0143,069-2011-2013- -0143-007,2017,9
0,69,, ,2012,0,0,0,0,0,0,2013,-12470,143,0,0,0,0,7,0,069-2012-2013- -0143,069-2012-2013- -0143-007,2017,9
0,69,, ,2013,0,0,4,3,0,0,2014,-11885,143,0,0,0,4,7,4,069-2013-2014- -0143,069-2013-2014- -0143-007,2017,9
90,69,, ,2014,0,0,96,6,0,90,2016,-793,143,0,0,0,96,7,96,069-2014-2016- -0143,069-2014-2016- -0143-007,2017,9
6660,69,, ,2015,0,0,82870,76210,0,0,2017,-12805,143,25213,0,0,82870,7,57657,069-2015-2017- -0143,069-2015-2017- -0143-007,2017,9
48766,69,, ,2016,0,0,48766,0,0,0,2019,0,143,0,0,0,48766,7,48766,069-2016-2019- -0143,069-2016-2019- -0143-007,2017,9
0,69,, ,2010,0,0,228,228,0,0,2012,-10154,143,0,0,0,228,11,228,069-2010-2012- -0143,069-2010-2012- -0143-011,2017,9
0,69,, ,2011,0,0,34,34,0,0,2013,-5839,143,0,0,0,34,11,34,069-2011-2013- -0143,069-2011-2013- -0143-011,2017,9
0,69,, ,2012,0,0,23,23,0,0,2013,-17435,143,0,0,0,23,11,23,069-2012-2013- -0143,069-2012-2013- -0143-011,2017,9
0,69,, ,2013,0,0,452,452,0,0,2014,-15902,143,0,0,0,452,11,452,069-2013-2014- -0143,069-2013-2014- -0143-011,2017,9
0,69,, ,2014,0,0,4,3,0,0,2016,-36491,143,1,0,0,4,11,3,069-2014-2016- -0143,069-2014-2016- -0143-011,2017,9
-6092,69,, ,2015,0,0,102160,108252,0,0,2017,-3119,143,61400,0,0,102160,11,40759,069-2015-2017- -0143,069-2015-2017- -0143-011,2017,9
141424,69,, ,2016,0,0,141424,0,0,0,2019,0,143,13324,0,0,141424,11,128100,069-2016-2019- -0143,069-2016-2019- -0143-011,2017,9
19,69,, ,2010,0,0,20,1,0,19,2012,0,143,0,0,0,20,17,20,069-2010-2012- -0143,069-2010-2012- -0143-017,2017,9
0,69,, ,2011,0,0,46,46,0,0,2013,-12643,143,0,0,0,46,17,46,069-2011-2013- -0143,069-2011-2013- -0143-017,2017,9
7,69,, ,2012,0,0,8,1,0,7,2013,-3646,143,0,0,0,8,17,8,069-2012-2013- -0143,069-2012-2013- -0143-017,2017,9
0,69,, ,2013,0,0,2,2,0,0,2014,-12118,143,0,0,0,2,17,2,069-2013-2014- -0143,069-2013-2014- -0143-017,2017,9
0,69,, ,2014,0,0,6,6,0,0,2016,-21337,143,0,0,0,6,17,6,069-2014-2016- -0143,069-2014-2016- -0143-017,2017,9
451,69,, ,2015,0,0,25473,25022,0,1,2017,-797,143,25062,0,0,25473,17,411,069-2015-2017- -0143,069-2015-2017- -0143-017,2017,9
54482,69,, ,2016,0,0,54482,0,0,0,2019,0,143,44482,0,0,54482,17,10000,069-2016-2019- -0143,069-2016-2019- -0143-017,2017,9
136,69,, ,2010,0,0,1265,1130,0,136,2012,0,143,0,0,0,1265,0,1265,069-2010-2012- -0143,069-2010-2012- -0143-000,2017,9
0,69,, ,2011,0,0,452,452,0,0,2013,0,143,0,0,0,452,0,452,069-2011-2013- -0143,069-2011-2013- -0143-000,2017,9
46,69,, ,2012,0,0,1556,1510,0,46,2013,0,143,0,0,0,1556,0,1556,069-2012-2013- -0143,069-2012-2013- -0143-000,2017,9
8,69,, ,2013,0,0,836,827,0,8,2014,0,143,0,0,0,836,0,836,069-2013-2014- -0143,069-2013-2014- -0143-000,2017,9
33,69,, ,2014,0,0,400,367,0,33,2016,-292,143,2,0,0,400,0,398,069-2014-2016- -0143,069-2014-2016- -0143-000,2017,9
-2558,69,, ,2015,0,0,8560,11118,0,0,2017,-1542,143,906,0,0,8560,0,7654,069-2015-2017- -0143,069-2015-2017- -0143-000,2017,9
0,69,, ,2016,0,0,0,0,0,0,2018,0,143,0,0,0,0,0,0,069-2016-2018- -0143,069-2016-2018- -0143-000,2017,9
-484500,69,, ,2016,0,0,15500,500000,0,0,2019,0,143,0,0,0,15500,0,15500,069-2016-2019- -0143,069-2016-2019- -0143-000,2017,9
0,69,, ,2017,0,500000,500000,0,0,0,2020,0,143,0,0,0,500000,0,500000,069-2017-2020- -0143,069-2017-2020- -0143-000,2017,9
49,69,X,X,0,0,0,111,62,0,8,0,-470,147,62,0,0,111,0,49,069-0000-0000-X-0147,069-0000-0000-X-0147-000,2017,9
0,69,X,X,0,0,0,0,0,0,0,0,0,150,0,0,0,0,0,0,069-0000-0000-X-0150,069-0000-0000-X-0150-000,2017,9
0,69,, ,2012,0,0,510,510,0,0,2012,0,155,0,0,0,510,0,510,069-2012-2012- -0155,069-2012-2012- -0155-000,2017,9
0,69,, ,2013,0,0,346,346,0,0,2013,-2,155,0,0,0,346,0,346,069-2013-2013- -0155,069-2013-2013- -0155-000,2017,9
0,69,, ,2014,0,0,736,736,0,0,2014,0,155,0,0,0,736,0,736,069-2014-2014- -0155,069-2014-2014- -0155-000,2017,9
2,69,, ,2015,0,0,569,566,0,2,2015,0,155,0,0,0,569,0,569,069-2015-2015- -0155,069-2015-2015- -0155-000,2017,9
0,69,, ,2016,0,0,490,489,0,0,2016,-40,155,0,0,0,490,0,490,069-2016-2016- -0155,069-2016-2016- -0155-000,2017,9
0,69,, ,2017,0,941,941,0,0,0,2017,-145,155,145,0,0,941,0,796,069-2017-2017- -0155,069-2017-2017- -0155-000,2017,9
0,69,X,X,0,0,0,0,0,0,0,0,0,156,0,0,0,0,0,0,069-0000-0000-X-0156,069-0000-0000-X-0156-000,2017,9
5,69,, ,2012,0,0,118,113,0,5,2013,0,159,0,0,0,118,0,118,069-2012-2013- -0159,069-2012-2013- -0159-000,2017,9
10,69,, ,2013,0,0,47,37,0,10,2014,0,159,0,0,0,47,0,47,069-2013-2014- -0159,069-2013-2014- -0159-000,2017,9
1,69,, ,2014,0,0,6,6,0,1,2015,0,159,0,0,0,6,0,6,069-2014-2015- -0159,069-2014-2015- -0159-000,2017,9
0,69,, ,2015,0,0,14,14,0,0,2016,-1103,159,0,0,0,14,0,14,069-2015-2016- -0159,069-2015-2016- -0159-000,2017,9
0,69,, ,2016,0,0,7734,7734,0,0,2017,-2160,159,3236,0,0,7734,0,4498,069-2016-2017- -0159,069-2016-2017- -0159-000,2017,9
0,69,, ,2017,0,15000,15000,0,0,0,2018,0,159,0,0,0,15000,0,15000,069-2017-2018- -0159,069-2017-2018- -0159-000,2017,9
307,69,X,X,0,0,3000,3307,0,0,0,0,0,170,250,0,0,3307,0,3057,069-0000-0000-X-0170,069-0000-0000-X-0170-000,2017,9
0,69,, ,2017,0,290,290,0,0,0,2017,0,170,0,0,0,290,0,290,069-2017-2017- -0170,069-2017-2017- -0170-000,2017,9
-400,309,X,X,0,0,0,3122,3522,0,10,0,-420,200,1052,0,0,3122,5,2070,0309-0000-0000-X-0200,0309-0000-0000-X-0200-005,2017,9
0,309,X,X,0,0,0,0,0,0,0,0,0,200,0,0,0,0,7,0,0309-0000-0000-X-0200,0309-0000-0000-X-0200-007,2017,9
0,69,X,X,0,0,0,0,0,0,0,0,0,301,0,0,0,0,0,0,069-0000-0000-X-0301,069-0000-0000-X-0301-000,2017,9
20,69,, ,2012,0,0,238,218,0,20,2012,0,301,0,0,0,238,0,238,069-2012-2012- -0301,069-2012-2012- -0301-000,2017,9
0,69,, ,2013,0,0,52,52,0,0,2013,0,301,0,0,0,52,0,52,069-2013-2013- -0301,069-2013-2013- -0301-000,2017,9
41,69,, ,2014,0,0,400,359,0,41,2014,-110,301,0,0,0,400,0,400,069-2014-2014- -0301,069-2014-2014- -0301-000,2017,9
30,69,, ,2015,0,0,240,210,0,30,2015,-393,301,104,0,0,240,0,137,069-2015-2015- -0301,069-2015-2015- -0301-000,2017,9
0,69,, ,2016,0,0,0,0,0,0,2016,0,301,0,0,0,0,0,0,069-2016-2016- -0301,069-2016-2016- -0301-000,2017,9
0,97,, ,2008,0,0,0,0,0,0,2012,0,391,0,0,0,0,5,0,097-2008-2012- -0391,097-2008-2012- -0391-005,2017,9
231,97,, ,2009,0,0,1537,1306,0,231,2013,0,391,0,0,0,1537,5,1537,097-2009-2013- -0391,097-2009-2013- -0391-005,2017,9
128171,69,X,X,0,0,1485824,1979203,365208,0,128193,0,-368791,500,573232,0,0,1979203,0,1405971,069-0000-0000-X-0500,069-0000-0000-X-0500-000,2017,9
0,97,, ,2011,0,0,0,0,0,0,2015,0,500,0,0,0,0,5,0,097-2011-2015- -0500,097-2011-2015- -0500-005,2017,9
139,97,, ,2012,0,0,199,60,0,139,2016,-8,500,0,0,0,199,5,199,097-2012-2016- -0500,097-2012-2016- -0500-005,2017,9
0,69,X,X,0,0,0,0,0,0,0,0,0,502,0,0,0,0,0,0,069-0000-0000-X-0502,069-0000-0000-X-0502-000,2017,9
0,69,X,X,0,0,0,352,352,0,0,0,0,503,0,0,0,352,0,352,069-0000-0000-X-0503,069-0000-0000-X-0503-000,2017,9
0,69,, ,2009,0,0,5213,5213,0,0,2012,0,504,0,0,0,5213,0,5213,069-2009-2012- -0504,069-2009-2012- -0504-000,2017,9
2,69,X,X,0,0,0,5995,5993,0,2,0,-95,505,11,0,0,5995,0,5984,069-0000-0000-X-0505,069-0000-0000-X-0505-000,2017,9
0,69,X,X,0,0,0,82,82,0,0,0,0,506,0,0,0,82,0,82,069-0000-0000-X-0506,069-0000-0000-X-0506-000,2017,9
0,69,X,X,0,0,0,0,0,0,0,0,0,507,0,0,0,0,0,0,069-0000-0000-X-0507,069-0000-0000-X-0507-000,2017,9
0,69,X,X,0,0,0,0,0,0,0,0,0,511,0,0,0,0,0,0,069-0000-0000-X-0511,069-0000-0000-X-0511-000,2017,9
0,97,X,X,0,0,0,5204,5204,0,0,0,-101,512,0,0,0,5204,5,5204,097-0000-0000-X-0512,097-0000-0000-X-0512-005,2017,9
0,69,X,X,0,0,0,0,0,0,0,0,0,516,0,0,0,0,0,0,069-0000-0000-X-0516,069-0000-0000-X-0516-000,2017,9
2,97,X,X,0,0,0,7771,7769,0,2,0,-60,516,0,0,0,7771,5,7771,097-0000-0000-X-0516,097-0000-0000-X-0516-005,2017,9
0,69,X,X,0,0,0,0,0,0,0,0,0,518,0,0,0,0,0,0,069-0000-0000-X-0518,069-0000-0000-X-0518-000,2017,9
0,69,X,X,0,0,0,0,0,0,0,0,0,519,0,0,0,0,0,0,069-0000-0000-X-0519,069-0000-0000-X-0519-000,2017,9
0,69,X,X,0,0,0,0,0,0,0,0,0,521,0,0,0,0,0,0,069-0000-0000-X-0521,069-0000-0000-X-0521-000,2017,9
0,69,X,X,0,0,0,0,0,0,0,0,0,524,0,0,0,0,0,0,069-0000-0000-X-0524,069-0000-0000-X-0524-000,2017,9
0,69,X,X,0,0,0,0,0,0,0,0,0,525,0,0,0,0,0,0,069-0000-0000-X-0525,069-0000-0000-X-0525-000,2017,9
0,69,X,X,0,0,0,0,0,0,0,0,0,526,0,0,0,0,0,0,069-0000-0000-X-0526,069-0000-0000-X-0526-000,2017,9
0,69,X,X,0,0,0,7,7,0,0,0,0,527,0,0,0,7,0,7,069-0000-0000-X-0527,069-0000-0000-X-0527-000,2017,9
0,69,X,X,0,0,0,0,0,0,0,0,0,530,0,0,0,0,0,0,069-0000-0000-X-0530,069-0000-0000-X-0530-000,2017,9
0,69,X,X,0,0,0,216,216,0,0,0,-216,532,216,0,0,216,0,0,069-0000-0000-X-0532,069-0000-0000-X-0532-000,2017,9
0,69,X,X,0,0,0,275,275,0,0,0,0,533,0,0,0,275,0,275,069-0000-0000-X-0533,069-0000-0000-X-0533-000,2017,9
0,69,, ,2013,0,0,0,0,0,0,2013,0,534,0,0,0,0,0,0,069-2013-2013- -0534,069-2013-2013- -0534-000,2017,9
0,69,, ,2014,0,0,0,0,0,0,2014,0,534,0,0,0,0,0,0,069-2014-2014- -0534,069-2014-2014- -0534-000,2017,9
0,69,, ,2015,0,0,0,0,0,0,2015,0,534,0,0,0,0,0,0,069-2015-2015- -0534,069-2015-2015- -0534-000,2017,9
0,69,, ,2016,0,0,0,0,0,0,2016,0,534,0,0,0,0,0,0,069-2016-2016- -0534,069-2016-2016- -0534-000,2017,9
0,69,X,X,0,0,0,63,63,0,0,0,0,537,0,0,0,63,0,63,069-0000-0000-X-0537,069-0000-0000-X-0537-000,2017,9
11179,69,X,X,0,0,0,112980,101802,0,2616,0,-13853,538,11869,0,0,112980,0,101111,069-0000-0000-X-0538,069-0000-0000-X-0538-000,2017,9
0,69,X,X,0,0,0,0,0,0,0,0,0,538,0,0,0,0,7,0,069-0000-0000-X-0538,069-0000-0000-X-0538-007,2017,9
0,69,X,X,0,0,0,489,489,0,0,0,0,540,0,0,0,489,0,489,069-0000-0000-X-0540,069-0000-0000-X-0540-000,2017,9
52,69,X,X,0,0,0,67,15,0,52,0,0,542,0,0,0,67,0,67,069-0000-0000-X-0542,069-0000-0000-X-0542-000,2017,9
1340,69,, ,2010,0,0,21888,20548,0,1340,2012,-2086,548,0,0,0,21888,0,21888,069-2010-2012- -0548,069-2010-2012- -0548-000,2017,9
0,69,X,X,0,0,0,1375,1375,0,0,0,0,549,0,0,0,1375,0,1375,069-0000-0000-X-0549,069-0000-0000-X-0549-000,2017,9
0,69,X,X,0,0,0,318,318,0,0,0,-174,550,318,0,0,318,0,0,069-0000-0000-X-0550,069-0000-0000-X-0550-000,2017,9
0,69,X,X,0,0,0,2130,2130,0,0,0,-84,551,0,0,0,2130,0,2130,069-0000-0000-X-0551,069-0000-0000-X-0551-000,2017,9
0,69,X,X,0,0,0,2037,2037,0,0,0,0,553,0,0,0,2037,0,2037,069-0000-0000-X-0553,069-0000-0000-X-0553-000,2017,9
0,69,X,X,0,0,0,517,517,0,0,0,0,555,0,0,0,517,0,517,069-0000-0000-X-0555,069-0000-0000-X-0555-000,2017,9
0,69,X,X,0,0,0,1,1,0,0,0,0,556,0,0,0,1,0,1,069-0000-0000-X-0556,069-0000-0000-X-0556-000,2017,9
0,69,X,X,0,0,0,2561,2561,0,0,0,-25,557,0,0,0,2561,0,2561,069-0000-0000-X-0557,069-0000-0000-X-0557-000,2017,9
0,69,X,X,0,0,0,5211,5211,0,0,0,0,560,0,0,0,5211,0,5211,069-0000-0000-X-0560,069-0000-0000-X-0560-000,2017,9
0,69,X,X,0,0,0,0,0,0,0,0,0,561,0,0,0,0,0,0,069-0000-0000-X-0561,069-0000-0000-X-0561-000,2017,9
0,69,X,X,0,0,0,0,0,0,0,0,0,564,0,0,0,0,0,0,069-0000-0000-X-0564,069-0000-0000-X-0564-000,2017,9
0,69,X,X,0,0,0,0,0,0,0,0,0,565,0,0,0,0,0,0,069-0000-0000-X-0565,069-0000-0000-X-0565-000,2017,9
0,69,X,X,0,0,0,11,11,0,0,0,0,566,0,0,0,11,0,11,069-0000-0000-X-0566,069-0000-0000-X-0566-000,2017,9
0,69,X,X,0,0,0,0,0,0,0,0,0,567,0,0,0,0,0,0,069-0000-0000-X-0567,069-0000-0000-X-0567-000,2017,9
0,69,X,X,0,0,0,0,0,0,0,0,0,568,0,0,0,0,0,0,069-0000-0000-X-0568,069-0000-0000-X-0568-000,2017,9
0,69,X,X,0,0,0,0,0,0,0,0,0,569,0,0,0,0,0,0,069-0000-0000-X-0569,069-0000-0000-X-0569-000,2017,9
0,69,X,X,0,0,0,0,0,0,0,0,0,570,0,0,0,0,0,0,069-0000-0000-X-0570,069-0000-0000-X-0570-000,2017,9
0,69,X,X,0,0,0,0,0,0,0,0,0,571,0,0,0,0,0,0,069-0000-0000-X-0571,069-0000-0000-X-0571-000,2017,9
0,69,X,X,0,0,0,133,133,0,0,0,0,572,0,0,0,133,0,133,069-0000-0000-X-0572,069-0000-0000-X-0572-000,2017,9
0,69,X,X,0,0,0,21,21,0,0,0,0,573,0,0,0,21,0,21,069-0000-0000-X-0573,069-0000-0000-X-0573-000,2017,9
0,69,X,X,0,0,0,386,386,0,0,0,0,574,0,0,0,386,0,386,069-0000-0000-X-0574,069-0000-0000-X-0574-000,2017,9
0,69,X,X,0,0,0,36,36,0,0,0,0,575,0,0,0,36,0,36,069-0000-0000-X-0575,069-0000-0000-X-0575-000,2017,9
0,69,X,X,0,0,0,511,511,0,0,0,0,580,0,0,0,511,0,511,069-0000-0000-X-0580,069-0000-0000-X-0580-000,2017,9
0,69,X,X,0,0,0,0,0,0,0,0,0,581,0,0,0,0,0,0,069-0000-0000-X-0581,069-0000-0000-X-0581-000,2017,9
0,69,X,X,0,0,0,0,0,0,0,0,0,582,0,0,0,0,0,0,069-0000-0000-X-0582,069-0000-0000-X-0582-000,2017,9
925,69,X,X,0,0,0,3734,2809,0,925,0,-10,583,13,0,0,3734,0,3722,069-0000-0000-X-0583,069-0000-0000-X-0583-000,2017,9
0,69,X,X,0,0,0,0,0,0,0,0,0,584,0,0,0,0,0,0,069-0000-0000-X-0584,069-0000-0000-X-0584-000,2017,9
0,69,X,X,0,0,0,0,0,0,0,0,0,585,0,0,0,0,0,0,069-0000-0000-X-0585,069-0000-0000-X-0585-000,2017,9
0,69,X,X,0,0,0,0,0,0,0,0,0,586,0,0,0,0,0,0,069-0000-0000-X-0586,069-0000-0000-X-0586-000,2017,9
0,69,X,X,0,0,0,0,0,0,0,0,0,587,0,0,0,0,0,0,069-0000-0000-X-0587,069-0000-0000-X-0587-000,2017,9
0,69,X,X,0,0,0,0,0,0,0,0,0,590,0,0,0,0,0,0,069-0000-0000-X-0590,069-0000-0000-X-0590-000,2017,9
0,69,X,X,0,0,0,0,0,0,0,0,0,592,0,0,0,0,0,0,069-0000-0000-X-0592,069-0000-0000-X-0592-000,2017,9
0,69,X,X,0,0,0,7,7,0,0,0,0,593,0,0,0,7,0,7,069-0000-0000-X-0593,069-0000-0000-X-0593-000,2017,9
0,69,X,X,0,0,0,0,0,0,0,0,0,594,0,0,0,0,0,0,069-0000-0000-X-0594,069-0000-0000-X-0594-000,2017,9
0,69,X,X,0,0,0,0,0,0,0,0,0,597,0,0,0,0,0,0,069-0000-0000-X-0597,069-0000-0000-X-0597-000,2017,9
0,69,X,X,0,0,0,3226,3226,0,0,0,-1859,598,0,0,0,3226,0,3226,069-0000-0000-X-0598,069-0000-0000-X-0598-000,2017,9
0,69,X,X,0,0,0,0,0,0,0,0,0,598,0,0,0,0,11,0,069-0000-0000-X-0598,069-0000-0000-X-0598-011,2017,9
1001,69,X,X,0,0,0,46930,45930,0,1,0,-1020,640,1,0,0,46930,0,46929,069-0000-0000-X-0640,069-0000-0000-X-0640-000,2017,9
225,69,X,X,0,0,0,21593,21369,0,225,0,-1361,641,942,0,0,21593,0,20652,069-0000-0000-X-0641,069-0000-0000-X-0641-000,2017,9
0,69,X,X,0,0,0,0,0,0,0,0,0,641,0,0,0,0,7,0,069-0000-0000-X-0641,069-0000-0000-X-0641-007,2017,9
0,69,X,X,0,0,0,497,497,0,0,0,0,641,0,0,0,497,11,497,069-0000-0000-X-0641,069-0000-0000-X-0641-011,2017,9
157,69,X,X,0,0,0,8744,8586,0,157,0,0,644,0,0,0,8744,0,8744,069-0000-0000-X-0644,069-0000-0000-X-0644-000,2017,9
0,69,X,X,0,0,0,0,0,0,0,0,0,645,0,0,0,0,0,0,069-0000-0000-X-0645,069-0000-0000-X-0645-000,2017,9
0,69,X,X,0,0,0,0,0,0,0,0,0,646,0,0,0,0,0,0,069-0000-0000-X-0646,069-0000-0000-X-0646-000,2017,9
0,69,X,X,0,0,0,0,0,0,0,0,0,648,0,0,0,0,0,0,069-0000-0000-X-0648,069-0000-0000-X-0648-000,2017,9
0,69,X,X,0,0,0,0,0,0,0,0,0,650,0,0,0,0,0,0,069-0000-0000-X-0650,069-0000-0000-X-0650-000,2017,9
0,69,, ,2011,0,0,554,554,0,0,2012,0,650,0,0,0,554,0,554,069-2011-2012- -0650,069-2011-2012- -0650-000,2017,9
0,69,, ,2012,0,0,1162,1162,0,0,2012,236,650,0,0,0,1162,0,1162,069-2012-2012- -0650,069-2012-2012- -0650-000,2017,9
0,69,, ,2012,0,0,131,131,0,0,2013,0,650,0,0,0,131,0,131,069-2012-2013- -0650,069-2012-2013- -0650-000,2017,9
1,69,, ,2013,0,0,737,735,0,1,2013,-566,650,0,0,0,737,0,737,069-2013-2013- -0650,069-2013-2013- -0650-000,2017,9
0,69,, ,2013,0,0,185,185,0,0,2014,-53,650,0,0,0,185,0,185,069-2013-2014- -0650,069-2013-2014- -0650-000,2017,9
43,69,, ,2014,0,0,1407,1364,0,43,2014,-912,650,0,0,0,1407,0,1407,069-2014-2014- -0650,069-2014-2014- -0650-000,2017,9
12,69,, ,2014,0,0,176,163,0,12,2015,-1577,650,12,0,0,176,0,164,069-2014-2015- -0650,069-2014-2015- -0650-000,2017,9
71,69,, ,2015,0,0,782,711,0,71,2015,-2488,650,40,0,0,782,0,742,069-2015-2015- -0650,069-2015-2015- -0650-000,2017,9
23,69,, ,2015,0,0,169,145,0,23,2016,-6128,650,0,0,0,169,0,169,069-2015-2016- -0650,069-2015-2016- -0650-000,2017,9
218,69,, ,2016,0,0,816,597,0,218,2016,-29641,650,93,0,0,816,0,723,069-2016-2016- -0650,069-2016-2016- -0650-000,2017,9
5,69,, ,2016,0,0,9149,9144,0,5,2017,-7426,650,3606,0,0,9149,0,5543,069-2016-2017- -0650,069-2016-2017- -0650-000,2017,9
0,69,, ,2017,0,160075,161075,0,0,0,2017,-49968,650,61628,1000,1000,161075,0,99447,069-2017-2017- -0650,069-2017-2017- -0650-000,2017,9
0,69,, ,2017,0,20000,20000,0,0,0,2018,-318,650,1473,0,0,20000,0,18527,069-2017-2018- -0650,069-2017-2018- -0650-000,2017,9
0,69,X,X,0,0,0,0,0,0,0,0,0,651,0,0,0,0,5,0,069-0000-0000-X-0651,069-0000-0000-X-0651-005,2017,9
0,69,X,X,0,0,0,0,0,0,0,0,0,651,0,0,0,0,0,0,069-0000-0000-X-0651,069-0000-0000-X-0651-000,2017,9
0,69,X,X,0,0,0,20482,20482,0,0,0,0,654,0,0,0,20482,0,20482,069-0000-0000-X-0654,069-0000-0000-X-0654-000,2017,9
0,69,, ,2011,0,0,0,0,0,0,2012,0,660,0,0,0,0,0,0,069-2011-2012- -0660,069-2011-2012- -0660-000,2017,9
0,69,, ,2012,0,0,112250,104430,0,0,2022,0,661,0,7820,7820,112250,0,112250,069-2012-2022- -0661,069-2012-2022- -0661-000,2017,9
2500,69,X,X,0,0,15900,34100,10600,0,742,0,-11221,700,5413,5100,5100,34100,0,28687,069-0000-0000-X-0700,069-0000-0000-X-0700-000,2017,9
775,69,, ,2012,0,0,1976,1201,0,775,2012,292,700,1,0,0,1976,0,1975,069-2012-2012- -0700,069-2012-2012- -0700-000,2017,9
134,69,, ,2013,0,0,1508,1374,0,134,2013,1,700,0,0,0,1508,0,1508,069-2013-2013- -0700,069-2013-2013- -0700-000,2017,9
16,69,, ,2014,0,0,1431,1415,0,16,2014,-3178,700,0,0,0,1431,0,1431,069-2014-2014- -0700,069-2014-2014- -0700-000,2017,9
53,69,, ,2015,0,0,726,672,0,53,2015,-3717,700,2,0,0,726,0,724,069-2015-2015- -0700,069-2015-2015- -0700-000,2017,9
520,69,, ,2016,0,0,1063,543,0,520,2016,-18919,700,170,0,0,1063,0,893,069-2016-2016- -0700,069-2016-2016- -0700-000,2017,9
0,69,, ,2017,0,202198,203198,0,0,0,2017,-112854,700,127476,1000,1000,203198,0,75722,069-2017-2017- -0700,069-2017-2017- -0700-000,2017,9
500,69,X,X,0,0,0,612,112,0,0,0,-1341,701,0,0,0,612,0,612,069-0000-0000-X-0701,069-0000-0000-X-0701-000,2017,9
250,69,X,X,0,0,0,55290,55040,0,0,0,-21,702,8120,0,0,55290,0,47170,069-0000-0000-X-0702,069-0000-0000-X-0702-000,2017,9
0,69,X,X,0,0,0,0,0,0,0,0,0,703,0,0,0,0,0,0,069-0000-0000-X-0703,069-0000-0000-X-0703-000,2017,9
175,69,X,X,0,0,0,31727,31552,0,0,0,-6045,704,0,0,0,31727,0,31727,069-0000-0000-X-0704,069-0000-0000-X-0704-000,2017,9
0,69,X,X,0,0,0,1,1,0,0,0,0,707,0,0,0,1,0,1,069-0000-0000-X-0707,069-0000-0000-X-0707-000,2017,9
0,69,X,X,0,0,0,5,5,0,0,0,0,714,0,0,0,5,0,5,069-0000-0000-X-0714,069-0000-0000-X-0714-000,2017,9
1000,69,X,X,0,0,0,12687,11687,0,0,0,-70,715,81,0,0,12687,0,12606,069-0000-0000-X-0715,069-0000-0000-X-0715-000,2017,9
2239,69,X,X,0,0,0,12442,10204,0,2239,0,-2532,716,0,0,0,12442,0,12442,069-0000-0000-X-0716,069-0000-0000-X-0716-000,2017,9
17307,69,, ,2009,0,0,55245,37938,0,17307,2012,-1811403,718,0,0,0,55245,0,55245,069-2009-2012- -0718,069-2009-2012- -0718-000,2017,9
0,69,, ,2009,0,0,284,284,0,0,2014,0,718,0,0,0,284,0,284,069-2009-2014- -0718,069-2009-2014- -0718-000,2017,9
2000,69,X,X,0,0,0,68467,66467,0,486,0,-104308,719,10789,0,0,68467,0,57678,069-0000-0000-X-0719,069-0000-0000-X-0719-000,2017,9
0,69,X,X,0,0,0,0,0,0,0,0,0,722,0,0,0,0,5,0,069-0000-0000-X-0722,069-0000-0000-X-0722-005,2017,9
48,69,X,X,0,0,0,3591,3543,0,48,0,-560,722,0,0,0,3591,0,3591,069-0000-0000-X-0722,069-0000-0000-X-0722-000,2017,9
150,69,X,X,0,0,0,40350,40200,0,0,0,-11675,723,0,0,0,40350,0,40350,069-0000-0000-X-0723,069-0000-0000-X-0723-000,2017,9
0,69,, ,2009,0,0,472,472,0,0,2013,0,724,0,0,0,472,0,472,069-2009-2013- -0724,069-2009-2013- -0724-000,2017,9
0,69,X,X,0,0,0,0,0,0,0,0,0,726,0,0,0,0,0,0,069-0000-0000-X-0726,069-0000-0000-X-0726-000,2017,9
0,69,X,X,0,0,0,0,0,0,0,0,0,730,0,0,0,0,0,0,069-0000-0000-X-0730,069-0000-0000-X-0730-000,2017,9
277,69,X,X,0,0,40100,50961,8083,0,870,0,-23283,745,14440,2500,2500,50961,0,36521,069-0000-0000-X-0745,069-0000-0000-X-0745-000,2017,9
0,69,X,X,0,0,0,1960,1960,0,0,0,0,750,797,0,0,1960,0,1163,069-0000-0000-X-0750,069-0000-0000-X-0750-000,2017,9
0,69,, ,2012,0,0,0,0,0,0,2012,0,750,0,0,0,0,0,0,069-2012-2012- -0750,069-2012-2012- -0750-000,2017,9
0,69,, ,2013,0,0,0,0,0,0,2013,0,750,0,0,0,0,0,0,069-2013-2013- -0750,069-2013-2013- -0750-000,2017,9
0,69,, ,2014,0,0,0,0,0,0,2014,0,750,0,0,0,0,0,0,069-2014-2014- -0750,069-2014-2014- -0750-000,2017,9
0,69,, ,2015,0,0,0,0,0,0,2015,0,750,0,0,0,0,0,0,069-2015-2015- -0750,069-2015-2015- -0750-000,2017,9
0,69,, ,2016,0,0,0,0,0,0,2016,0,750,0,0,0,0,0,0,069-2016-2016- -0750,069-2016-2016- -0750-000,2017,9
0,69,X,X,0,0,0,177,177,0,0,0,0,758,0,0,0,177,0,177,069-0000-0000-X-0758,069-0000-0000-X-0758-000,2017,9
-2687,14,X,X,0,0,0,0,2687,0,0,0,0,1039,0,0,0,0,5,0,014-0000-0000-X-1039,014-0000-0000-X-1039-005,2017,9
183,69,, ,2009,0,0,828,645,0,183,2012,0,1101,21,0,0,828,0,807,069-2009-2012- -1101,069-2009-2012- -1101-000,2017,9
225,69,, ,2009,0,0,656,431,0,225,2012,0,1102,0,0,0,656,0,656,069-2009-2012- -1102,069-2009-2012- -1102-000,2017,9
0,12,X,X,0,0,0,0,0,0,0,0,0,1103,0,0,0,0,5,0,012-0000-0000-X-1103,012-0000-0000-X-1103-005,2017,9
0,14,X,X,0,0,0,0,0,0,0,0,0,1110,0,0,0,0,5,0,014-0000-0000-X-1110,014-0000-0000-X-1110-005,2017,9
0,14,X,X,0,0,0,0,0,0,0,0,0,1116,0,0,0,0,5,0,014-0000-0000-X-1116,014-0000-0000-X-1116-005,2017,9
0,69,X,X,0,0,0,0,0,0,0,0,0,1119,0,0,0,0,5,0,069-0000-0000-X-1119,069-0000-0000-X-1119-005,2017,9
0,69,X,X,0,0,0,0,0,0,0,0,0,1119,0,0,0,0,0,0,069-0000-0000-X-1119,069-0000-0000-X-1119-000,2017,9
-247,69,X,X,0,0,0,165,362,0,20,0,0,1120,0,50,50,165,0,165,069-0000-0000-X-1120,069-0000-0000-X-1120-000,2017,9
104,69,, ,2012,0,0,1136,1032,0,104,2012,164,1120,0,0,0,1136,0,1136,069-2012-2012- -1120,069-2012-2012- -1120-000,2017,9
21,69,, ,2014,0,0,586,565,0,21,2014,-2,1120,2,0,0,586,0,584,069-2014-2014- -1120,069-2014-2014- -1120-000,2017,9
30,69,, ,2015,0,0,655,625,0,30,2015,-539,1120,106,0,0,655,0,549,069-2015-2015- -1120,069-2015-2015- -1120-000,2017,9
307,69,, ,2016,0,0,1124,817,0,307,2016,-8477,1120,446,0,0,1124,0,677,069-2016-2016- -1120,069-2016-2016- -1120-000,2017,9
0,69,, ,2017,0,113165,113415,0,0,0,2017,-69136,1120,76288,250,250,113415,0,37127,069-2017-2017- -1120,069-2017-2017- -1120-000,2017,9
0,69,X,X,0,0,0,32,32,0,0,0,-121,1121,0,0,0,32,0,32,069-0000-0000-X-1121,069-0000-0000-X-1121-000,2017,9
0,69,X,X,0,0,0,0,0,0,0,0,0,1122,0,0,0,0,0,0,069-0000-0000-X-1122,069-0000-0000-X-1122-000,2017,9
0,69,X,X,0,0,0,0,0,0,0,0,0,1123,0,0,0,0,0,0,069-0000-0000-X-1123,069-0000-0000-X-1123-000,2017,9
0,69,X,X,0,0,0,0,0,0,0,0,0,1124,0,0,0,0,0,0,069-0000-0000-X-1124,069-0000-0000-X-1124-000,2017,9
708,69,X,X,0,0,0,708,0,0,9,0,-86,1125,0,0,0,708,0,708,069-0000-0000-X-1125,069-0000-0000-X-1125-000,2017,9
0,69,X,X,0,0,0,0,0,0,0,0,0,1127,0,0,0,0,5,0,069-0000-0000-X-1127,069-0000-0000-X-1127-005,2017,9
0,69,X,X,0,0,0,11,11,0,0,0,0,1127,0,0,0,11,0,11,069-0000-0000-X-1127,069-0000-0000-X-1127-000,2017,9
5040,69,X,X,0,0,150000,170624,15584,0,40,0,-167380,1128,100813,0,0,170624,0,69811,069-0000-0000-X-1128,069-0000-0000-X-1128-000,2017,9
0,69,X,X,0,0,0,529,529,0,0,0,0,1129,0,0,0,529,5,529,069-0000-0000-X-1129,069-0000-0000-X-1129-005,2017,9
5000,69,X,X,0,0,0,50071,45071,0,2612,0,-16947,1129,166,0,0,50071,0,49905,069-0000-0000-X-1129,069-0000-0000-X-1129-000,2017,9
88,69,, ,2010,0,0,992,904,0,88,2012,-1037,1131,0,0,0,992,0,992,069-2010-2012- -1131,069-2010-2012- -1131-000,2017,9
104,69,, ,2011,0,0,705,601,0,104,2013,-7053,1131,0,0,0,705,0,705,069-2011-2013- -1131,069-2011-2013- -1131-000,2017,9
0,69,, ,2009,0,0,44,44,0,0,2012,0,1133,0,0,0,44,0,44,069-2009-2012- -1133,069-2009-2012- -1133-000,2017,9
300000,69,X,X,0,0,2412631,4558195,1845564,0,151662,0,-1407254,1134,600966,0,0,4558195,0,3957228,069-0000-0000-X-1134,069-0000-0000-X-1134-000,2017,9
0,69,X,X,0,0,0,0,0,0,0,0,0,1136,0,0,0,0,0,0,069-0000-0000-X-1136,069-0000-0000-X-1136-000,2017,9
9026,69,X,X,0,0,0,51033,42032,0,3413,0,-32275,1137,13760,-24,-24,51033,0,37274,069-0000-0000-X-1137,069-0000-0000-X-1137-000,2017,9
84675,69,X,X,0,0,0,5117243,5031524,0,84675,0,-378434,1140,299089,1044,1044,5117243,0,4818154,069-0000-0000-X-1140,069-0000-0000-X-1140-000,2017,9
25,69,X,X,0,0,0,1178,1153,0,25,0,-1737,1142,0,0,0,1178,0,1178,069-0000-0000-X-1142,069-0000-0000-X-1142-000,2017,9
0,69,, ,2017,0,5000,5000,0,0,0,2017,0,1142,0,0,0,5000,0,5000,069-2017-2017- -1142,069-2017-2017- -1142-000,2017,9
123,17,, ,2009,0,0,123,0,0,123,2013,0,1205,0,0,0,123,5,123,017-2009-2013- -1205,017-2009-2013- -1205-005,2017,9
0,17,, ,2010,0,0,443,443,0,0,2014,-982,1205,0,0,0,443,5,443,017-2010-2014- -1205,017-2010-2014- -1205-005,2017,9
0,17,, ,2011,0,0,0,0,0,0,2015,-77,1205,0,0,0,0,5,0,017-2011-2015- -1205,017-2011-2015- -1205-005,2017,9
0,17,, ,2012,0,0,0,0,0,0,2016,0,1205,0,0,0,0,5,0,017-2012-2016- -1205,017-2012-2016- -1205-005,2017,9
6550,69,X,X,0,0,0,119068,51825,0,2461,0,-27387,1301,20550,60693,60693,119068,0,98517,069-0000-0000-X-1301,069-0000-0000-X-1301-000,2017,9
0,69,, ,2011,0,0,2114,2114,0,0,2012,-77,1301,0,0,0,2114,0,2114,069-2011-2012- -1301,069-2011-2012- -1301-000,2017,9
5568,69,, ,2012,0,0,32254,26838,0,5568,2012,2726,1301,501,-151,-151,32254,0,31753,069-2012-2012- -1301,069-2012-2012- -1301-000,2017,9
0,69,, ,2012,0,0,3436,3436,0,0,2013,0,1301,0,0,0,3436,0,3436,069-2012-2013- -1301,069-2012-2013- -1301-000,2017,9
742,69,, ,2013,0,0,12708,11982,0,742,2013,-5286,1301,1001,-16,-16,12708,0,11708,069-2013-2013- -1301,069-2013-2013- -1301-000,2017,9
2101,69,, ,2014,0,0,24728,23778,0,2101,2014,-6564,1301,1627,-1152,-1152,24728,0,23100,069-2014-2014- -1301,069-2014-2014- -1301-000,2017,9
5299,69,, ,2015,0,0,22168,21189,0,5299,2015,-48038,1301,1210,-4319,-4319,22168,0,20958,069-2015-2015- -1301,069-2015-2015- -1301-000,2017,9
47312,69,, ,2016,0,0,52207,9501,0,47312,2016,-1187641,1301,21623,-4606,-4606,52207,0,30584,069-2016-2016- -1301,069-2016-2016- -1301-000,2017,9
0,69,, ,2017,0,852852,10162474,0,0,0,2018,-6124583,1301,7130898,9309622,9309622,10162474,0,3031576,069-2017-2018- -1301,069-2017-2018- -1301-000,2017,9
0,69,X,X,0,0,0,2,2,0,0,0,0,1303,0,0,0,2,0,2,069-0000-0000-X-1303,069-0000-0000-X-1303-000,2017,9
51,69,, ,2012,0,0,488,436,0,51,2012,7,1400,0,0,0,488,0,488,069-2012-2012- -1400,069-2012-2012- -1400-000,2017,9
22,69,, ,2013,0,0,126,104,0,22,2013,0,1400,0,0,0,126,0,126,069-2013-2013- -1400,069-2013-2013- -1400-000,2017,9
0,69,, ,2013,0,0,0,0,0,0,2014,0,1400,0,0,0,0,0,0,069-2013-2014- -1400,069-2013-2014- -1400-000,2017,9
56,69,, ,2014,0,0,251,195,0,56,2014,-14,1400,5,0,0,251,0,246,069-2014-2014- -1400,069-2014-2014- -1400-000,2017,9
28,69,, ,2015,0,0,318,290,0,28,2015,-768,1400,12,0,0,318,0,306,069-2015-2015- -1400,069-2015-2015- -1400-000,2017,9
435,69,, ,2016,0,0,519,79,0,435,2016,-5109,1400,425,5,5,519,0,94,069-2016-2016- -1400,069-2016-2016- -1400-000,2017,9
0,69,, ,2017,0,22500,22750,0,0,0,2017,-10165,1400,13231,250,250,22750,0,9519,069-2017-2017- -1400,069-2017-2017- -1400-000,2017,9
125,69,X,X,0,0,0,1711,561,0,60,0,-142,1401,226,1025,1025,1711,0,1485,069-0000-0000-X-1401,069-0000-0000-X-1401-000,2017,9
0,69,, ,2010,0,0,300,300,0,0,2012,0,1401,0,0,0,300,0,300,069-2010-2012- -1401,069-2010-2012- -1401-000,2017,9
0,69,, ,2011,0,0,553,553,0,0,2013,-6,1401,0,0,0,553,0,553,069-2011-2013- -1401,069-2011-2013- -1401-000,2017,9
92,69,, ,2012,0,0,315,224,0,92,2012,-10,1401,9,0,0,315,0,307,069-2012-2012- -1401,069-2012-2012- -1401-000,2017,9
0,69,, ,2012,0,0,63,63,0,0,2014,17,1401,0,0,0,63,0,63,069-2012-2014- -1401,069-2012-2014- -1401-000,2017,9
77,69,, ,2013,0,0,279,203,0,77,2013,-7,1401,0,0,0,279,0,279,069-2013-2013- -1401,069-2013-2013- -1401-000,2017,9
0,69,, ,2013,0,0,0,0,0,0,2014,0,1401,0,0,0,0,0,0,069-2013-2014- -1401,069-2013-2014- -1401-000,2017,9
0,69,, ,2013,0,0,51,51,0,0,2015,-15,1401,0,0,0,51,0,51,069-2013-2015- -1401,069-2013-2015- -1401-000,2017,9
17,69,, ,2014,0,0,314,297,0,17,2014,-52,1401,0,0,0,314,0,314,069-2014-2014- -1401,069-2014-2014- -1401-000,2017,9
63,69,, ,2014,0,0,67,3,0,63,2016,-703,1401,63,0,0,67,0,3,069-2014-2016- -1401,069-2014-2016- -1401-000,2017,9
142,69,, ,2015,0,0,310,167,0,142,2015,-528,1401,45,0,0,310,0,264,069-2015-2015- -1401,069-2015-2015- -1401-000,2017,9
0,69,, ,2015,0,0,4478,3978,0,0,2017,-1192,1401,2475,500,500,4478,0,2003,069-2015-2017- -1401,069-2015-2017- -1401-000,2017,9
1095,69,, ,2016,0,0,1171,76,0,1095,2016,-9719,1401,1161,0,0,1171,0,9,069-2016-2016- -1401,069-2016-2016- -1401-000,2017,9
0,69,, ,2016,0,0,6310,5810,0,0,2018,-54,1401,98,500,500,6310,0,6212,069-2016-2018- -1401,069-2016-2018- -1401-000,2017,9
0,69,, ,2017,0,49430,51030,0,0,0,2017,-25517,1401,32940,1600,1600,51030,0,18090,069-2017-2017- -1401,069-2017-2017- -1401-000,2017,9
0,69,, ,2017,0,7570,8070,0,0,0,2019,0,1401,0,500,500,8070,0,8070,069-2017-2019- -1401,069-2017-2019- -1401-000,2017,9
20000,69,X,X,0,0,0,372173,42173,0,5541,0,-226083,1710,196831,310000,310000,372173,0,175343,069-0000-0000-X-1710,069-0000-0000-X-1710-000,2017,9
20,69,, ,2013,0,0,183,183,0,20,2013,0,1710,0,-20,-20,183,0,183,069-2013-2013- -1710,069-2013-2013- -1710-000,2017,9
5,69,, ,2014,0,0,3592,3592,0,5,2014,0,1710,0,-5,-5,3592,0,3592,069-2014-2014- -1710,069-2014-2014- -1710-000,2017,9
1367,69,, ,2015,0,0,9571,9571,0,1367,2015,-47,1710,0,-1367,-1367,9571,0,9571,069-2015-2015- -1710,069-2015-2015- -1710-000,2017,9
445,69,, ,2016,0,0,4433,4341,0,445,2016,-6732,1710,0,-354,-354,4433,0,4432,069-2016-2016- -1710,069-2016-2016- -1710-000,2017,9
0,69,, ,2017,0,0,65000,0,0,0,2017,-8934,1710,22721,65000,65000,65000,0,42279,069-2017-2017- -1710,069-2017-2017- -1710-000,2017,9
4889,69,X,X,0,0,300000,313362,8473,0,4889,0,-182213,1711,296482,0,0,313362,0,16880,069-0000-0000-X-1711,069-0000-0000-X-1711-000,2017,9
3208,69,X,X,0,0,0,22454,5581,0,534,0,-8567,1730,9037,13665,13665,22454,0,13417,069-0000-0000-X-1730,069-0000-0000-X-1730-000,2017,9
0,69,, ,2010,0,0,17,17,0,0,2012,0,1730,0,0,0,17,0,17,069-2010-2012- -1730,069-2010-2012- -1730-000,2017,9
1,69,, ,2011,0,0,14,13,0,1,2013,0,1730,0,0,0,14,0,14,069-2011-2013- -1730,069-2011-2013- -1730-000,2017,9
53,69,, ,2012,0,0,784,731,0,53,2012,179,1730,15,0,0,784,0,769,069-2012-2012- -1730,069-2012-2012- -1730-000,2017,9
0,69,, ,2012,0,0,56,56,0,0,2014,0,1730,0,0,0,56,0,56,069-2012-2014- -1730,069-2012-2014- -1730-000,2017,9
8,69,, ,2013,0,0,473,465,0,8,2013,-1,1730,9,0,0,473,0,464,069-2013-2013- -1730,069-2013-2013- -1730-000,2017,9
3,69,, ,2013,0,0,4,1,0,3,2015,-40,1730,0,0,0,4,0,4,069-2013-2015- -1730,069-2013-2015- -1730-000,2017,9
12,69,, ,2014,0,0,121,120,0,12,2014,12,1730,0,-12,-12,121,0,121,069-2014-2014- -1730,069-2014-2014- -1730-000,2017,9
0,69,, ,2014,0,0,2,2,0,0,2016,-41,1730,0,0,0,2,0,2,069-2014-2016- -1730,069-2014-2016- -1730-000,2017,9
2,69,, ,2015,0,0,74,73,0,2,2015,-16,1730,0,-2,-2,74,0,74,069-2015-2015- -1730,069-2015-2015- -1730-000,2017,9
200,69,, ,2015,0,0,518,318,0,0,2017,-2326,1730,242,0,0,518,0,276,069-2015-2017- -1730,069-2015-2017- -1730-000,2017,9
14,69,, ,2016,0,0,91,78,0,14,2016,-161,1730,19,-1,-1,91,0,72,069-2016-2016- -1730,069-2016-2016- -1730-000,2017,9
25,69,, ,2016,0,0,1381,1356,0,0,2018,-291,1730,398,0,0,1381,0,983,069-2016-2018- -1730,069-2016-2018- -1730-000,2017,9
0,69,, ,2017,0,3616,9616,0,0,0,2017,-4169,1730,4204,6000,6000,9616,0,5412,069-2017-2017- -1730,069-2017-2017- -1730-000,2017,9
0,69,, ,2017,0,6214,6214,0,0,0,2019,0,1730,0,0,0,6214,0,6214,069-2017-2019- -1730,069-2017-2019- -1730-000,2017,9
2650,69,X,X,0,0,38270,137757,91837,0,1459,0,-32620,1750,21414,5000,5000,137757,0,116343,069-0000-0000-X-1750,069-0000-0000-X-1750-000,2017,9
346,69,, ,2012,0,0,2232,1996,0,346,2012,-819,1750,66,-110,-110,2232,0,2167,069-2012-2012- -1750,069-2012-2012- -1750-000,2017,9
984,69,, ,2013,0,0,2107,1123,0,984,2013,-540,1750,59,0,0,2107,0,2048,069-2013-2013- -1750,069-2013-2013- -1750-000,2017,9
285,69,, ,2014,0,0,1081,799,0,285,2014,-826,1750,98,-3,-3,1081,0,984,069-2014-2014- -1750,069-2014-2014- -1750-000,2017,9
0,69,, ,2014,0,0,0,0,0,0,2015,-276,1750,0,0,0,0,0,0,069-2014-2015- -1750,069-2014-2015- -1750-000,2017,9
204,69,, ,2015,0,0,1062,858,0,204,2015,-3679,1750,72,0,0,1062,0,990,069-2015-2015- -1750,069-2015-2015- -1750-000,2017,9
0,69,, ,2015,0,0,0,0,0,0,2016,-600,1750,0,0,0,0,0,0,069-2015-2016- -1750,069-2015-2016- -1750-000,2017,9
727,69,, ,2016,0,0,3657,2930,0,727,2016,-13660,1750,302,0,0,3657,0,3355,069-2016-2016- -1750,069-2016-2016- -1750-000,2017,9
0,69,, ,2016,0,0,3469,3469,0,0,2017,-1139,1750,3120,0,0,3469,0,349,069-2016-2017- -1750,069-2016-2017- -1750-000,2017,9
0,69,, ,2017,0,124052,129052,0,0,0,2017,-68771,1750,77982,5000,5000,129052,0,51070,069-2017-2017- -1750,069-2017-2017- -1750-000,2017,9
0,69,, ,2017,0,5400,5400,0,0,0,2018,-396,1750,2126,0,0,5400,0,3274,069-2017-2018- -1750,069-2017-2018- -1750-000,2017,9
0,69,X,X,0,0,0,47063,47063,0,0,0,0,1752,42063,0,0,47063,0,5000,069-0000-0000-X-1752,069-0000-0000-X-1752-000,2017,9
2000,69,X,X,0,0,34000,36644,644,0,173,0,-4193,1768,6429,0,0,36644,0,30216,069-0000-0000-X-1768,069-0000-0000-X-1768-000,2017,9
2,69,X,X,0,0,10000,10494,492,0,2,0,-2573,1770,6,0,0,10494,0,10488,069-0000-0000-X-1770,069-0000-0000-X-1770-000,2017,9
0,69,X,X,0,0,328000,328000,0,0,0,0,-321373,1774,321513,0,0,328000,0,6487,069-0000-0000-X-1774,069-0000-0000-X-1774-000,2017,9
0,69,X,X,0,0,1167000,1167000,0,0,0,0,-1160086,1775,1161246,0,0,1167000,0,5754,069-0000-0000-X-1775,069-0000-0000-X-1775-000,2017,9
0,21,X,X,0,0,0,0,0,0,0,0,0,2020,0,0,0,0,5,0,021-0000-0000-X-2020,021-0000-0000-X-2020-005,2017,9
-1447,21,, ,2008,0,0,0,1447,0,0,2012,0,2050,0,0,0,0,5,0,021-2008-2012- -2050,021-2008-2012- -2050-005,2017,9
0,21,, ,2009,0,0,0,0,0,0,2013,0,2050,0,0,0,0,5,0,021-2009-2013- -2050,021-2009-2013- -2050-005,2017,9
-7,21,, ,2010,0,0,0,7,0,0,2014,0,2050,0,0,0,0,5,0,021-2010-2014- -2050,021-2010-2014- -2050-005,2017,9
35,21,, ,2011,0,0,79,44,0,0,2015,0,2050,0,0,0,79,5,79,021-2011-2015- -2050,021-2011-2015- -2050-005,2017,9
0,21,, ,2012,0,0,0,0,0,0,2016,-5758,2050,0,0,0,0,5,0,021-2012-2016- -2050,021-2012-2016- -2050-005,2017,9
0,21,X,X,0,0,0,0,0,0,0,0,0,2065,0,0,0,0,5,0,021-0000-0000-X-2065,021-0000-0000-X-2065-005,2017,9
0,21,, ,2016,0,0,5000,5000,0,0,2020,0,2086,0,0,0,5000,5,5000,021-2016-2020- -2086,021-2016-2020- -2086-005,2017,9
0,57,, ,2015,0,0,1750,1750,0,0,2019,0,3300,0,0,0,1750,5,1750,057-2015-2019- -3300,057-2015-2019- -3300-005,2017,9
251,57,, ,2012,0,0,384,133,0,251,2012,-5,3400,0,0,0,384,5,384,057-2012-2012- -3400,057-2012-2012- -3400-005,2017,9
54,57,, ,2013,0,0,338,285,0,54,2013,-25,3400,0,0,0,338,5,338,057-2013-2013- -3400,057-2013-2013- -3400-005,2017,9
867,57,, ,2014,0,0,1591,724,0,867,2014,-5,3400,0,0,0,1591,5,1591,057-2014-2014- -3400,057-2014-2014- -3400-005,2017,9
728,57,, ,2015,0,0,991,263,0,728,2015,-417,3400,0,0,0,991,5,991,057-2015-2015- -3400,057-2015-2015- -3400-005,2017,9
501,57,, ,2016,0,0,502,1,0,501,2016,-9936,3400,424,0,0,502,5,78,057-2016-2016- -3400,057-2016-2016- -3400-005,2017,9
0,57,, ,2017,0,20250,20250,0,0,0,2017,-2006,3400,11986,0,0,20250,5,8264,057-2017-2017- -3400,057-2017-2017- -3400-005,2017,9
0,69,X,X,0,0,0,137,137,0,0,0,0,4082,0,0,0,137,0,137,069-0000-0000-X-4082,069-0000-0000-X-4082-000,2017,9
9207,69,X,X,0,0,0,61131,15146,0,9207,0,-18660,4089,13969,36778,36778,61131,0,47162,069-0000-0000-X-4089,069-0000-0000-X-4089-000,2017,9
225,69,X,X,0,0,0,2254138,2146923,0,0,0,-539,4120,514,106990,106990,2254138,0,2253624,069-0000-0000-X-4120,069-0000-0000-X-4120-000,2017,9
0,69,X,X,0,0,0,0,0,0,0,0,0,4270,0,0,0,0,0,0,069-0000-0000-X-4270,069-0000-0000-X-4270-000,2017,9
0,69,X,X,0,0,0,48829,48330,0,0,0,0,4302,0,498,498,48829,0,48829,069-0000-0000-X-4302,069-0000-0000-X-4302-000,2017,9
1500,69,X,X,0,0,0,48629,37129,0,742,0,-4489,4303,7693,10000,10000,48629,0,40936,069-0000-0000-X-4303,069-0000-0000-X-4303-000,2017,9
32,69,X,X,0,0,0,368670,362955,0,32,0,0,4304,0,5683,5683,368670,0,368670,069-0000-0000-X-4304,069-0000-0000-X-4304-000,2017,9
13452,69,X,X,0,0,0,581790,77706,0,13452,0,-261332,4520,268984,490632,490632,581790,0,312806,069-0000-0000-X-4520,069-0000-0000-X-4520-000,2017,9
12289,69,X,X,0,0,0,575796,233300,0,4943,0,-235236,4522,276683,330208,330208,575796,0,299113,069-0000-0000-X-4522,069-0000-0000-X-4522-000,2017,9
36493,69,X,X,0,0,0,813167,260377,0,21601,0,-317109,4562,378352,516297,516297,813167,0,434815,069-0000-0000-X-4562,069-0000-0000-X-4562-000,2017,9
0,69,X,X,0,0,0,842,242,0,0,0,0,5172,0,600,600,842,0,842,069-0000-0000-X-5172,069-0000-0000-X-5172-000,2017,9
18,69,, ,2010,0,0,518,500,0,18,2012,-35,5172,35,0,0,518,0,483,069-2010-2012- -5172,069-2010-2012- -5172-000,2017,9
110,69,, ,2011,0,0,380,270,0,110,2013,35,5172,0,0,0,380,0,380,069-2011-2013- -5172,069-2011-2013- -5172-000,2017,9
144,69,, ,2012,0,0,496,352,0,144,2012,133,5172,0,0,0,496,0,496,069-2012-2012- -5172,069-2012-2012- -5172-000,2017,9
37,69,, ,2012,0,0,115,78,0,37,2014,-240,5172,0,0,0,115,0,115,069-2012-2014- -5172,069-2012-2014- -5172-000,2017,9
92,69,, ,2013,0,0,440,348,0,92,2013,-18,5172,0,0,0,440,0,440,069-2013-2013- -5172,069-2013-2013- -5172-000,2017,9
0,69,, ,2013,0,0,0,0,0,0,2014,0,5172,0,0,0,0,0,0,069-2013-2014- -5172,069-2013-2014- -5172-000,2017,9
54,69,, ,2013,0,0,84,30,0,54,2015,-671,5172,0,0,0,84,0,84,069-2013-2015- -5172,069-2013-2015- -5172-000,2017,9
302,69,, ,2014,0,0,610,309,0,302,2014,-140,5172,0,0,0,610,0,610,069-2014-2014- -5172,069-2014-2014- -5172-000,2017,9
504,69,, ,2014,0,0,568,53,0,504,2016,-5171,5172,413,12,12,568,0,155,069-2014-2016- -5172,069-2014-2016- -5172-000,2017,9
254,69,, ,2015,0,0,453,199,0,254,2015,-2178,5172,163,0,0,453,0,290,069-2015-2015- -5172,069-2015-2015- -5172-000,2017,9
4500,69,, ,2015,0,0,13357,8257,0,37,2017,-17314,5172,1006,600,600,13357,0,12351,069-2015-2017- -5172,069-2015-2017- -5172-000,2017,9
1614,69,, ,2016,0,0,1685,71,0,1614,2016,-7522,5172,1626,0,0,1685,0,60,069-2016-2016- -5172,069-2016-2016- -5172-000,2017,9
12000,69,, ,2016,0,0,41522,28922,0,3561,2018,-37967,5172,11927,600,600,41522,0,29595,069-2016-2018- -5172,069-2016-2018- -5172-000,2017,9
0,69,, ,2017,0,66665,67165,0,0,0,2017,-38179,5172,44641,500,500,67165,0,22524,069-2017-2017- -5172,069-2017-2017- -5172-000,2017,9
0,69,, ,2017,0,69335,90123,0,0,0,2019,0,5172,414,20788,20788,90123,0,89709,069-2017-2019- -5172,069-2017-2019- -5172-000,2017,9
60,14,X,X,0,0,0,913,853,0,60,0,-145,5232,0,0,0,913,5,913,014-0000-0000-X-5232,014-0000-0000-X-5232-005,2017,9
2500,69,X,X,0,0,26364,28864,0,0,311,0,-18873,5282,537,0,0,28864,0,28327,069-0000-0000-X-5282,069-0000-0000-X-5282-000,2017,9
0,69,, ,2011,0,0,8,8,0,0,2012,0,5282,0,0,0,8,0,8,069-2011-2012- -5282,069-2011-2012- -5282-000,2017,9
4,69,, ,2012,0,0,4,0,0,4,2013,-2,5282,4,0,0,4,0,0,069-2012-2013- -5282,069-2012-2013- -5282-000,2017,9
16,69,, ,2013,0,0,31,16,0,16,2014,-16,5282,31,0,0,31,0,0,069-2013-2014- -5282,069-2013-2014- -5282-000,2017,9
0,69,, ,2014,0,0,10,10,0,0,2015,-68,5282,0,0,0,10,0,10,069-2014-2015- -5282,069-2014-2015- -5282-000,2017,9
0,69,, ,2015,0,0,0,0,0,0,2016,-50,5282,0,0,0,0,0,0,069-2015-2016- -5282,069-2015-2016- -5282-000,2017,9
0,69,, ,2016,0,0,81,81,0,0,2017,0,5282,0,0,0,81,0,81,069-2016-2017- -5282,069-2016-2017- -5282-000,2017,9
0,69,, ,2017,0,0,0,0,0,0,2018,0,5282,0,0,0,0,0,0,069-2017-2018- -5282,069-2017-2018- -5282-000,2017,9
-682,69,X,X,0,0,12652,21215,9245,0,0,0,-681,5422,607,0,0,21215,0,20608,069-0000-0000-X-5422,069-0000-0000-X-5422-000,2017,9
31405,69,X,X,0,0,113290,209919,65224,0,26405,0,-91555,5423,110599,0,0,209919,0,99320,069-0000-0000-X-5423,069-0000-0000-X-5423-000,2017,9
0,14,X,X,0,0,0,0,0,0,0,0,0,5481,0,0,0,0,5,0,014-0000-0000-X-5481,014-0000-0000-X-5481-005,2017,9
500,69,X,X,0,0,0,4448,3948,0,2,0,0,5560,4,0,0,4448,0,4444,069-0000-0000-X-5560,069-0000-0000-X-5560-000,2017,9
0,69,X,X,0,0,0,2254,2254,0,0,0,0,8001,0,0,0,2254,0,2254,069-0000-0000-X-8001,069-0000-0000-X-8001-000,2017,9
0,69,X,X,0,0,0,0,0,0,0,0,0,8002,0,0,0,0,0,0,069-0000-0000-X-8002,069-0000-0000-X-8002-000,2017,9
0,69,X,X,0,0,36028,36028,0,0,0,0,-19294,8003,36028,0,0,36028,0,0,069-0000-0000-X-8003,069-0000-0000-X-8003-000,2017,9
0,69,X,X,0,0,0,302,302,0,0,0,0,8009,0,0,0,302,0,302,069-0000-0000-X-8009,069-0000-0000-X-8009-000,2017,9
0,69,X,X,0,0,0,0,0,0,0,0,0,8014,0,0,0,0,0,0,069-0000-0000-X-8014,069-0000-0000-X-8014-000,2017,9
1000,69,X,X,0,0,0,212109,35209,145900,52,0,-110126,8016,73152,175900,30000,212109,0,138957,069-0000-0000-X-8016,069-0000-0000-X-8016-000,2017,9
0,69,X,X,0,0,0,2,2,0,0,0,0,8017,0,0,0,2,0,2,069-0000-0000-X-8017,069-0000-0000-X-8017-000,2017,9
0,69,X,X,0,0,0,0,0,0,0,0,0,8019,0,0,0,0,0,0,069-0000-0000-X-8019,069-0000-0000-X-8019-000,2017,9
0,69,X,X,0,0,0,0,0,0,0,0,0,8019,0,0,0,0,6,0,069-0000-0000-X-8019,069-0000-0000-X-8019-006,2017,9
0,69,X,X,0,0,0,0,5556,-5556,0,0,-277,8020,0,-5556,0,0,5,0,069-0000-0000-X-8020,069-0000-0000-X-8020-005,2017,9
5500,69,X,X,0,0,0,693117,136943,550675,470,0,-479138,8020,376211,550675,0,693117,0,316906,069-0000-0000-X-8020,069-0000-0000-X-8020-000,2017,9
0,69,X,X,0,0,0,0,0,0,0,0,0,8045,0,0,0,0,0,0,069-0000-0000-X-8045,069-0000-0000-X-8045-000,2017,9
440,69,X,X,0,0,0,9419,8980,0,440,0,-3526,8048,0,0,0,9419,0,9419,069-0000-0000-X-8048,069-0000-0000-X-8048-000,2017,9
0,69,X,X,0,0,0,0,0,0,0,0,0,8049,0,0,0,0,0,0,069-0000-0000-X-8049,069-0000-0000-X-8049-000,2017,9
6793,69,X,X,0,0,52811,140521,80918,0,3655,0,-13194,8054,20967,0,0,140521,0,119554,069-0000-0000-X-8054,069-0000-0000-X-8054-000,2017,9
104,69,X,X,0,0,0,2930,2826,0,104,0,0,8055,0,0,0,2930,0,2930,069-0000-0000-X-8055,069-0000-0000-X-8055-000,2017,9
0,69,X,X,0,0,0,3797,3797,0,0,0,0,8057,0,0,0,3797,0,3797,069-0000-0000-X-8057,069-0000-0000-X-8057-000,2017,9
8000,69,X,X,0,0,0,67134,59134,0,1,0,-8853,8058,4511,0,0,67134,0,62623,069-0000-0000-X-8058,069-0000-0000-X-8058-000,2017,9
0,69,X,X,0,0,0,0,0,0,0,0,0,8058,0,0,0,0,26,0,069-0000-0000-X-8058,069-0000-0000-X-8058-026,2017,9
0,69,X,X,0,0,0,0,0,0,0,0,0,8058,0,0,0,0,7,0,069-0000-0000-X-8058,069-0000-0000-X-8058-007,2017,9
0,69,X,X,0,0,0,3000,3000,0,0,0,-3,8058,0,0,0,3000,11,3000,069-0000-0000-X-8058,069-0000-0000-X-8058-011,2017,9
0,69,X,X,0,0,0,1000,1000,0,0,0,0,8061,0,0,0,1000,0,1000,069-0000-0000-X-8061,069-0000-0000-X-8061-000,2017,9
44,69,X,X,0,0,0,49,5,0,44,0,-2,8072,0,0,0,49,0,49,069-0000-0000-X-8072,069-0000-0000-X-8072-000,2017,9
0,69,X,X,0,0,0,0,0,0,0,0,0,8076,0,0,0,0,0,0,069-0000-0000-X-8076,069-0000-0000-X-8076-000,2017,9
0,69,X,X,0,0,0,33,33,0,0,0,0,8081,0,0,0,33,0,33,069-0000-0000-X-8081,069-0000-0000-X-8081-000,2017,9
0,69,X,X,0,0,0,0,0,0,0,0,0,8082,0,0,0,0,0,0,069-0000-0000-X-8082,069-0000-0000-X-8082-000,2017,9
36938,69,X,X,0,0,0,50628748,24486204,25780606,0,0,-29241353,8083,26509122,26105606,325000,50628748,0,24119626,069-0000-0000-X-8083,069-0000-0000-X-8083-000,2017,9
0,69,X,X,0,0,0,6223,6223,0,0,0,-9656,8083,0,0,0,6223,26,6223,069-0000-0000-X-8083,069-0000-0000-X-8083-026,2017,9
0,69,X,X,0,0,0,46908,4883,42024,0,0,-22450,8083,2265,42024,0,46908,7,44643,069-0000-0000-X-8083,069-0000-0000-X-8083-007,2017,9
0,69,X,X,0,0,0,197187,196584,603,0,0,-3307,8083,239,603,0,197187,11,196948,069-0000-0000-X-8083,069-0000-0000-X-8083-011,2017,9
0,69,X,X,0,0,0,98332,1332,97000,0,0,23,8083,41964,97000,0,98332,17,56369,069-0000-0000-X-8083,069-0000-0000-X-8083-017,2017,9
0,69,X,X,0,0,0,98188,98188,0,0,0,-51113,8083,-15124,0,0,98188,6,113313,069-0000-0000-X-8083,069-0000-0000-X-8083-006,2017,9
0,69,X,X,0,0,0,199187,88587,95600,0,0,-77887,8083,76305,110600,15000,199187,30,122882,069-0000-0000-X-8083,069-0000-0000-X-8083-030,2017,9
0,69,X,X,0,0,0,0,0,0,0,0,-3,8083,0,0,0,0,14,0,069-0000-0000-X-8083,069-0000-0000-X-8083-014,2017,9
0,69,X,X,0,0,0,0,0,0,0,0,0,8087,0,0,0,0,0,0,069-0000-0000-X-8087,069-0000-0000-X-8087-000,2017,9
0,69,X,X,0,0,1769,1769,0,0,0,0,-1769,8102,1769,0,0,1769,0,0,069-0000-0000-X-8102,069-0000-0000-X-8102-000,2017,9
0,69,X,X,0,0,14,14,0,0,0,0,-14,8103,14,0,0,14,0,0,069-0000-0000-X-8103,069-0000-0000-X-8103-000,2017,9
0,69,, ,2016,0,0,0,0,0,0,2016,0,8104,0,0,0,0,0,0,069-2016-2016- -8104,069-2016-2016- -8104-000,2017,9
0,69,, ,2017,0,9173000,9173000,0,0,0,2018,-6245005,8104,6182720,0,0,9173000,0,2990280,069-2017-2018- -8104,069-2017-2018- -8104-000,2017,9
158107,69,X,X,0,0,0,3511459,15610,3335142,130679,0,-2347602,8106,332317,3337742,2600,3511459,0,3179142,069-0000-0000-X-8106,069-0000-0000-X-8106-000,2017,9
2780,69,X,X,0,0,0,174734,88644,0,1101,0,-24051,8107,23593,83310,83310,174734,0,151141,069-0000-0000-X-8107,069-0000-0000-X-8107-000,2017,9
1197,69,, ,2010,0,0,15179,13958,0,1197,2012,-2673,8107,49,24,24,15179,0,15130,069-2010-2012- -8107,069-2010-2012- -8107-000,2017,9
0,69,, ,2011,0,0,0,0,0,0,2012,0,8107,0,0,0,0,0,0,069-2011-2012- -8107,069-2011-2012- -8107-000,2017,9
739,69,, ,2011,0,0,10631,9893,0,739,2013,-5542,8107,210,-1,-1,10631,0,10421,069-2011-2013- -8107,069-2011-2013- -8107-000,2017,9
15,69,, ,2012,0,0,3678,3663,0,15,2012,-22,8107,10,0,0,3678,0,3668,069-2012-2012- -8107,069-2012-2012- -8107-000,2017,9
1602,69,, ,2012,0,0,10634,9032,0,1602,2014,-11197,8107,15,0,0,10634,0,10619,069-2012-2014- -8107,069-2012-2014- -8107-000,2017,9
95,69,, ,2013,0,0,3098,3004,0,95,2013,21,8107,56,0,0,3098,0,3042,069-2013-2013- -8107,069-2013-2013- -8107-000,2017,9
1211,69,, ,2013,0,0,8952,7746,0,1211,2015,-21669,8107,1022,-5,-5,8952,0,7930,069-2013-2015- -8107,069-2013-2015- -8107-000,2017,9
64,69,, ,2014,0,0,2210,2145,0,64,2014,-99,8107,77,0,0,2210,0,2133,069-2014-2014- -8107,069-2014-2014- -8107-000,2017,9
4959,69,, ,2014,0,0,10113,5352,0,4959,2016,-139761,8107,1504,-199,-199,10113,0,8609,069-2014-2016- -8107,069-2014-2016- -8107-000,2017,9
95,69,, ,2015,0,0,952,857,0,95,2015,-44,8107,95,0,0,952,0,857,069-2015-2015- -8107,069-2015-2015- -8107-000,2017,9
43160,69,, ,2015,0,0,226244,170440,0,34819,2017,-357946,8107,190031,12644,12644,226244,0,36212,069-2015-2017- -8107,069-2015-2017- -8107-000,2017,9
1402,69,, ,2016,0,0,1861,459,0,1402,2016,-26965,8107,406,0,0,1861,0,1455,069-2016-2016- -8107,069-2016-2016- -8107-000,2017,9
38023,69,, ,2016,0,0,1019258,967507,0,31727,2018,-818742,8107,590711,13728,13728,1019258,0,428547,069-2016-2018- -8107,069-2016-2018- -8107-000,2017,9
0,69,, ,2017,0,486000,486000,0,0,0,2017,-320789,8107,353327,0,0,486000,0,132673,069-2017-2017- -8107,069-2017-2017- -8107-000,2017,9
0,69,, ,2017,0,2369000,2400326,0,0,0,2019,-215388,8107,626076,31326,31326,2400326,0,1774250,069-2017-2019- -8107,069-2017-2019- -8107-000,2017,9
200,69,X,X,0,0,0,1927,986,0,0,0,-98,8108,217,741,741,1927,0,1709,069-0000-0000-X-8108,069-0000-0000-X-8108-000,2017,9
65,69,, ,2010,0,0,1278,1229,0,65,2012,-94,8108,27,-16,-16,1278,0,1251,069-2010-2012- -8108,069-2010-2012- -8108-000,2017,9
57,69,, ,2011,0,0,1056,999,0,57,2013,-24,8108,0,0,0,1056,0,1056,069-2011-2013- -8108,069-2011-2013- -8108-000,2017,9
246,69,, ,2012,0,0,1094,847,0,246,2014,-531,8108,8,0,0,1094,0,1086,069-2012-2014- -8108,069-2012-2014- -8108-000,2017,9
64,69,, ,2013,0,0,960,897,0,64,2015,-1656,8108,24,0,0,960,0,936,069-2013-2015- -8108,069-2013-2015- -8108-000,2017,9
284,69,, ,2014,0,0,1081,803,0,284,2016,-11964,8108,191,-7,-7,1081,0,889,069-2014-2016- -8108,069-2014-2016- -8108-000,2017,9
1200,69,, ,2015,0,0,19107,16989,0,703,2017,-36443,8108,14159,918,918,19107,0,4948,069-2015-2017- -8108,069-2015-2017- -8108-000,2017,9
1100,69,, ,2016,0,0,53591,47787,0,54,2018,-43956,8108,25316,4704,4704,53591,0,28275,069-2016-2018- -8108,069-2016-2018- -8108-000,2017,9
0,69,, ,2017,0,176530,182028,0,0,0,2019,-29378,8108,48516,5498,5498,182028,0,133511,069-2017-2019- -8108,069-2017-2019- -8108-000,2017,9
0,69,X,X,0,0,0,1366,1366,0,0,0,0,8120,0,0,0,1366,0,1366,069-0000-0000-X-8120,069-0000-0000-X-8120-000,2017,9
0,69,X,X,0,0,0,0,0,0,0,0,0,8121,0,0,0,0,0,0,069-0000-0000-X-8121,069-0000-0000-X-8121-000,2017,9
0,69,, ,2010,0,0,0,0,0,0,2012,0,8121,0,0,0,0,0,0,069-2010-2012- -8121,069-2010-2012- -8121-000,2017,9
0,69,, ,2011,0,0,0,0,0,0,2013,0,8121,0,0,0,0,0,0,069-2011-2013- -8121,069-2011-2013- -8121-000,2017,9
0,69,, ,2012,0,0,0,0,0,0,2014,0,8121,0,0,0,0,0,0,069-2012-2014- -8121,069-2012-2014- -8121-000,2017,9
0,69,, ,2013,0,0,0,0,0,0,2015,0,8121,0,0,0,0,0,0,069-2013-2015- -8121,069-2013-2015- -8121-000,2017,9
0,69,, ,2014,0,0,0,0,0,0,2016,0,8121,0,0,0,0,0,0,069-2014-2016- -8121,069-2014-2016- -8121-000,2017,9
0,69,, ,2015,0,0,0,0,0,0,2017,-45,8121,0,0,0,0,0,0,069-2015-2017- -8121,069-2015-2017- -8121-000,2017,9
0,69,, ,2016,0,0,0,0,0,0,2018,-3263,8121,0,0,0,0,0,0,069-2016-2018- -8121,069-2016-2018- -8121-000,2017,9
0,69,, ,2017,0,20288,20288,0,0,0,2019,-385,8121,20288,0,0,20288,0,0,069-2017-2019- -8121,069-2017-2019- -8121-000,2017,9
13393,69,X,X,0,0,0,367000,168155,185453,13393,0,-205314,8158,213629,185453,0,367000,0,153371,069-0000-0000-X-8158,069-0000-0000-X-8158-000,2017,9
6949,69,X,X,0,0,0,336589,25080,260763,4532,0,-213807,8159,179134,304560,43798,336589,0,157455,069-0000-0000-X-8159,069-0000-0000-X-8159-000,2017,9
0,69,X,X,0,0,0,0,0,0,0,0,1802,8191,0,0,0,0,0,0,069-0000-0000-X-8191,069-0000-0000-X-8191-000,2017,9
0,14,X,X,0,0,0,0,0,0,0,0,-109,8215,0,0,0,0,5,0,014-0000-0000-X-8215,014-0000-0000-X-8215-005,2017,9
15,69,X,X,0,0,189,1277,1073,0,15,0,-1103,8264,178,0,0,1277,0,1098,069-0000-0000-X-8264,069-0000-0000-X-8264-000,2017,9
16,69,X,X,0,0,0,3159,3144,0,16,0,-44,8265,44,0,0,3159,0,3115,069-0000-0000-X-8265,069-0000-0000-X-8265-000,2017,9
50966,69,X,X,0,0,150000,204958,3992,0,45966,0,-114367,8304,111894,0,0,204958,0,93064,069-0000-0000-X-8304,069-0000-0000-X-8304-000,2017,9
0,69,X,X,0,0,0,0,0,0,0,0,0,8309,0,0,0,0,0,0,069-0000-0000-X-8309,069-0000-0000-X-8309-000,2017,9
263062,69,X,X,0,0,0,21014171,10380383,10370726,247006,0,-6574975,8350,3930948,10370726,0,21014171,0,17083223,069-0000-0000-X-8350,069-0000-0000-X-8350-000,2017,9
0,69,X,X,0,0,0,414,414,0,0,0,0,8362,0,0,0,414,0,414,069-0000-0000-X-8362,069-0000-0000-X-8362-000,2017,9
0,69,X,X,0,0,0,1,1,0,0,0,0,8363,0,0,0,1,0,1,069-0000-0000-X-8363,069-0000-0000-X-8363-000,2017,9
177,69,X,X,0,0,0,266,89,0,177,0,0,8371,0,0,0,266,0,266,069-0000-0000-X-8371,069-0000-0000-X-8371-000,2017,9
0,69,X,X,0,0,0,5,5,0,0,0,0,8374,0,0,0,5,0,5,069-0000-0000-X-8374,069-0000-0000-X-8374-000,2017,9
0,69,X,X,0,0,0,0,0,0,0,0,0,8375,0,0,0,0,0,0,069-0000-0000-X-8375,069-0000-0000-X-8375-000,2017,9
0,69,X,X,0,0,0,0,0,0,0,0,0,8376,0,0,0,0,0,0,069-0000-0000-X-8376,069-0000-0000-X-8376-000,2017,9
0,69,X,X,0,0,0,0,0,0,0,0,0,8377,0,0,0,0,0,0,069-0000-0000-X-8377,069-0000-0000-X-8377-000,2017,9
0,69,X,X,0,0,0,0,0,0,0,0,0,8378,0,0,0,0,0,0,069-0000-0000-X-8378,069-0000-0000-X-8378-000,2017,9
0,69,X,X,0,0,0,0,0,0,0,0,0,8380,0,0,0,0,0,0,069-0000-0000-X-8380,069-0000-0000-X-8380-000,2017,9
0,69,X,X,0,0,0,0,0,0,0,0,0,8381,0,0,0,0,0,0,069-0000-0000-X-8381,069-0000-0000-X-8381-000,2017,9
0,69,X,X,0,0,0,5443,5443,0,0,0,0,8382,0,0,0,5443,0,5443,069-0000-0000-X-8382,069-0000-0000-X-8382-000,2017,9
0,69,X,X,0,0,0,481,481,0,0,0,0,8386,0,0,0,481,0,481,069-0000-0000-X-8386,069-0000-0000-X-8386-000,2017,9
0,69,X,X,0,0,0,32,32,0,0,0,0,8390,0,0,0,32,0,32,069-0000-0000-X-8390,069-0000-0000-X-8390-000,2017,9
0,69,X,X,0,0,0,0,0,0,0,0,0,8402,0,0,0,0,0,0,069-0000-0000-X-8402,069-0000-0000-X-8402-000,2017,9
0,69,X,X,0,0,0,89,89,0,0,0,-100,8502,0,0,0,89,0,89,069-0000-0000-X-8502,069-0000-0000-X-8502-000,2017,9
100,69,X,X,0,0,3000,7299,4199,0,23,0,-798,8503,691,0,0,7299,0,6608,069-0000-0000-X-8503,069-0000-0000-X-8503-000,2017,9
100,69,X,X,0,0,0,266,166,0,0,0,-1608,8547,161,0,0,266,0,104,069-0000-0000-X-8547,069-0000-0000-X-8547-000,2017,9
0,69,X,X,0,0,0,0,0,0,0,0,0,8548,0,0,0,0,0,0,069-0000-0000-X-8548,069-0000-0000-X-8548-000,2017,9
0,69,X,X,0,0,0,0,0,0,0,0,0,8552,0,0,0,0,0,0,069-0000-0000-X-8552,069-0000-0000-X-8552-000,2017,9
0,69,X,X,0,0,0,7,7,0,0,0,0,8632,0,0,0,7,0,7,069-0000-0000-X-8632,069-0000-0000-X-8632-000,2017,9
